id,x,y,width,height,text,type
0,3.0,40.5729179382,140.078125,23.0,All black people,y-axis-label
1,3.0,72.90625,93.359375,23.0,Black men,y-axis-label
2,3.0,105.239585876,118.921875,23.0,Black women,y-axis-label
3,527.792053223,41.3697929382,222.359375,23.0,13.82 basis points higher,text-label
4,402.752288818,73.703125,27.796875,23.0,8.9,text-label
5,849.286499023,106.036460876,50.046875,23.0,26.47,text-label
6,170.5625,8.0,90.796875,23.0,Difference,x-axis-title
