id,x,y,width,height,text,type
0,162.337890625,486.125,44.484375,23.0,1995,x-axis-label
1,445.337890625,486.125,44.484375,23.0,2005,x-axis-label
2,728.337890625,486.125,44.484375,23.0,2015,x-axis-label
3,3.009765625,448.53125,11.109375,23.0,0,y-axis-label
4,3.009765625,337.5,11.109375,23.0,5,y-axis-label
5,3.009765625,226.46875,22.234375,23.0,10,y-axis-label
6,3.009765625,115.4375,22.234375,23.0,15,y-axis-label
7,3.009765625,4.40625,40.015625,23.0,20%,y-axis-label
