id,x,y,width,height,text,type
0,203.8828125,486.125,44.484375,23.0,2013,x-axis-label
1,470.8828125,486.125,44.484375,23.0,2014,x-axis-label
2,737.8828125,486.125,44.484375,23.0,2015,x-axis-label
3,3.0078125,448.53125,11.109375,23.0,0,y-axis-label
4,3.0078125,359.706237793,72.28125,23.0,"100,000",y-axis-label
5,3.0078125,270.881256104,72.28125,23.0,"200,000",y-axis-label
6,3.0078125,182.05624389599998,72.28125,23.0,"300,000",y-axis-label
7,3.0078125,93.2312469482,72.28125,23.0,"400,000",y-axis-label
8,3.0078125,4.40625,83.40625,23.0,"$500,000",y-axis-label
