id,x,y,width,height,text,type
0,177.62284851099997,486.125,26.6875,23.0,'12,x-axis-label
1,355.16558837900004,486.125,26.6875,23.0,'13,x-axis-label
2,545.5305175780001,486.125,26.6875,23.0,'14,x-axis-label
3,735.895446777,486.125,26.6875,23.0,'15,x-axis-label
4,3.001953125,448.53125,11.109375,23.0,0,y-axis-label
5,3.001953125,337.5,38.921875,23.0,32.5,y-axis-label
6,3.001953125,226.46875,38.921875,23.0,65.0,y-axis-label
7,3.001953125,115.4375,38.921875,23.0,97.5,y-axis-label
8,3.001953125,4.40625,67.828125,23.0,130.0%,y-axis-label
