id,x,y,width,height,text,type
0,3.0078125,40.53125,62.234375,23.0,Private,y-axis-label
1,3.0078125,72.78125,196.765625,23.0,"Public, state or county",y-axis-label
2,3.0078125,105.03125,123.390625,23.0,City/suburban,y-axis-label
3,3.0078125,137.28125,92.25,23.0,Town/rural,y-axis-label
4,880.671875,41.328125,40.015625,23.0,52%,text-label
5,756.136108398,73.578125,22.234375,23.0,42,text-label
6,880.671875,105.828125,22.234375,23.0,52,text-label
7,768.58972168,138.078125,22.234375,23.0,43,text-label
