id,x,y,width,height,text,type
0,3.00390625,40.5729179382,51.109375,23.0,White,y-axis-label
1,3.00390625,72.90625,48.90625,23.0,Black,y-axis-label
2,3.00390625,105.239585876,76.6875,23.0,Hispanic,y-axis-label
3,879.953125,41.3697929382,40.015625,23.0,62%,text-label
4,719.154296875,73.703125,22.234375,23.0,49,text-label
5,768.630859375,106.036460876,22.234375,23.0,53,text-label
