id,x,y,width,height,text,type
0,100.82034301799999,486.125,44.484375,23.0,2014,x-axis-label
1,351.70968627900004,486.125,44.484375,23.0,2015,x-axis-label
2,624.8334350590001,486.125,44.484375,23.0,2016,x-axis-label
3,3.0,448.53125,17.78125,23.0,-2,y-axis-label
4,3.0,337.5,17.78125,23.0,-1,y-axis-label
5,3.0,226.46875,11.109375,23.0,0,y-axis-label
6,3.0,115.4375,11.109375,23.0,1,y-axis-label
7,3.0,4.40625,28.90625,23.0,2%,y-axis-label
