id,x,y,width,height,text,type
0,117.066223145,486.125,26.6875,23.0,'13,x-axis-label
1,343.997741699,486.125,26.6875,23.0,'14,x-axis-label
2,584.273010254,486.125,26.6875,23.0,'15,x-axis-label
3,824.356262207,486.125,26.6875,23.0,'16,x-axis-label
4,3.01171875,448.53125,11.109375,23.0,0,y-axis-label
5,3.01171875,337.5,11.109375,23.0,6,y-axis-label
6,3.01171875,226.46875,22.234375,23.0,12,y-axis-label
7,3.01171875,115.4375,22.234375,23.0,18,y-axis-label
8,3.01171875,4.40625,40.015625,23.0,24%,y-axis-label
