id,x,y,width,height,text,type
0,190.2237854,486.125,44.484375,23.0,2013,x-axis-label
1,480.30230712900004,486.125,44.484375,23.0,2014,x-axis-label
2,792.365600586,486.125,44.484375,23.0,2015,x-axis-label
3,3.01171875,448.53125,11.109375,23.0,0,y-axis-label
4,3.01171875,337.5,61.171875,23.0,"75,000",y-axis-label
5,3.01171875,226.46875,72.28125,23.0,"150,000",y-axis-label
6,3.01171875,115.4375,72.28125,23.0,"225,000",y-axis-label
7,3.01171875,4.40625,83.40625,23.0,"$300,000",y-axis-label
