id,x,y,width,height,text,type
0,3.001953125,40.53125,132.296875,23.0,101-250 words,y-axis-label
1,3.001953125,72.78125,73.390625,23.0,251-999,y-axis-label
2,3.001953125,105.03125,106.75,23.0,"1,000-4,999",y-axis-label
3,3.001953125,137.28125,124.5,23.0,"5,000 or more",y-axis-label
4,273.686828613,41.328125,102.28125,23.0,43 seconds,text-label
5,319.570953369,73.578125,22.234375,23.0,60,text-label
6,470.718719482,105.828125,31.890625,23.0,116,text-label
7,886.375,138.078125,33.359375,23.0,270,text-label
8,151.625,8.0,98.1875,23.0,Time spent,x-axis-title
