id,x,y,width,height,text,type
0,3.01171875,40.5729179382,151.1875,23.0,Kind of important,y-axis-label
1,3.01171875,72.90625,128.953125,23.0,Very important,y-axis-label
2,3.01171875,105.239585876,120.046875,23.0,Not important,y-axis-label
3,854.296875,41.3697929382,67.828125,23.0,58.33%,text-label
4,560.01171875,73.703125,50.046875,23.0,32.46,text-label
5,295.530426025,106.036460876,38.921875,23.0,9.21,text-label
6,184.75,8.0,117.859375,23.0,Respondents,x-axis-title
