id,x,y,width,height,text,type
0,222.56144714400003,486.125,26.671875,23.0,Q2,x-axis-label
1,396.441375732,486.125,26.671875,23.0,Q3,x-axis-label
2,585.706726074,486.125,26.671875,23.0,Q4,x-axis-label
3,766.1514892580001,486.125,44.484375,23.0,2016,x-axis-label
4,3.01171875,448.53125,17.78125,23.0,-3,y-axis-label
5,3.01171875,300.489593506,11.109375,23.0,0,y-axis-label
6,3.01171875,152.447921753,11.109375,23.0,3,y-axis-label
7,3.01171875,4.40625,28.90625,23.0,6%,y-axis-label
