id,x,y,width,height,text,type
0,3.01171875,40.5729179382,330.203125,23.0,"Household income of $54,000 or less",y-axis-label
1,3.01171875,72.90625,183.5,23.0,"$54,001 to $105,000",y-axis-label
2,3.01171875,105.239585876,179.015625,23.0,"More than $105,000",y-axis-label
3,879.75,41.3697929382,40.015625,23.0,29%,text-label
4,647.905578613,73.703125,22.234375,23.0,16,text-label
5,594.403015137,106.036460876,22.234375,23.0,13,text-label
