id,x,y,width,height,text,type
0,3.0,40.5729179382,140.078125,23.0,All black people,y-axis-label
1,3.0,72.90625,93.359375,23.0,Black men,y-axis-label
2,3.0,105.239585876,118.921875,23.0,Black women,y-axis-label
3,548.288024902,41.3697929382,59.6875,23.0,"$4,811",text-label
4,415.15914917,73.703125,50.046875,23.0,"3,088",text-label
5,869.25,106.036460876,50.046875,23.0,"8,965",text-label
6,170.5625,8.0,88.90625,23.0,Extra cost,x-axis-title
