id,x,y,width,height,text,type
0,3.0078125,40.65625,205.671875,23.0,Board seats nominated,y-axis-label
1,3.0078125,73.15625,180.125,23.0,Board seats gained*,y-axis-label
2,887.265625,41.453125,33.359375,23.0,105,text-label
3,647.302429199,73.953125,22.234375,23.0,66,text-label
