id,x,y,width,height,text,type
0,85.9820098877,660.5,44.484375,23.0,2000,x-axis-label
1,331.749206543,660.5,44.484375,23.0,2005,x-axis-label
2,599.6040649409999,660.5,44.484375,23.0,2010,x-axis-label
4,3.013671875,622.90625,40.015625,23.0,-600,y-axis-label
5,3.013671875,416.739593506,40.015625,23.0,-300,y-axis-label
6,3.013671875,210.572921753,11.109375,23.0,0,y-axis-label
7,3.013671875,4.40625,101.1875,23.0,$300 billion,y-axis-label
