id,x,y,width,height,text,type
0,3.01171875,40.5729179382,96.71875,23.0,Filled eggs,y-axis-label
1,3.01171875,72.90625,93.390625,23.0,Solid eggs,y-axis-label
2,3.01171875,105.239585876,108.9375,23.0,Hollow eggs,y-axis-label
3,832.911987305,41.3697929382,40.015625,23.0,52%,text-label
4,567.6919555659999,73.703125,22.234375,23.0,32,text-label
5,355.515899658,106.036460876,22.234375,23.0,16,text-label
