id,x,y,width,height,text,type
0,3.01171875,40.53125,95.625,23.0,Developed,y-axis-label
1,3.01171875,72.78125,100.0625,23.0,Developing,y-axis-label
2,3.01171875,105.03125,233.484375,23.0,Least developed countries,y-axis-label
3,3.01171875,137.28125,51.875,23.0,World,y-axis-label
4,865.78125,41.328125,56.703125,23.0,82.2%,text-label
5,526.1979980469999,73.578125,38.921875,23.0,35.3,text-label
6,339.39099121099997,105.828125,27.796875,23.0,9.5,text-label
7,584.846679688,138.078125,38.921875,23.0,43.4,text-label
