id,x,y,width,height,text,type
0,3.013671875,40.53125,38.90625,23.0,men,y-axis-label
1,3.013671875,72.78125,64.46875,23.0,women,y-axis-label
2,3.013671875,105.03125,45.578125,23.0,other,y-axis-label
3,3.013671875,137.28125,185.640625,23.0,prefer not to disclose,y-axis-label
4,860.296875,41.328125,56.703125,23.0,92.8%,text-label
5,260.63195800799997,73.578125,27.796875,23.0,5.8,text-label
6,224.10064697299998,105.828125,27.796875,23.0,0.5,text-label
7,227.54699707,138.078125,11.109375,23.0,1,text-label
8,214.640625,8.0,187.890625,23.0,share of respondents,x-axis-title
