id,x,y,width,height,text,type
0,143.760986328,486.125,44.484375,23.0,2013,x-axis-label
1,457.003570557,486.125,44.484375,23.0,2014,x-axis-label
2,792.365600586,486.125,44.484375,23.0,2015,x-axis-label
3,3.01171875,448.53125,11.109375,23.0,0,y-axis-label
4,3.01171875,359.706237793,22.234375,23.0,20,y-axis-label
5,3.01171875,270.881256104,22.234375,23.0,40,y-axis-label
6,3.01171875,182.05624389599998,22.234375,23.0,60,y-axis-label
7,3.01171875,93.2312469482,22.234375,23.0,80,y-axis-label
8,3.01171875,4.40625,51.140625,23.0,100%,y-axis-label
