id,x,y,width,height,text,type
0,3.00390625,40.53125,70.046875,23.0,30 days,y-axis-label
1,3.00390625,72.78125,70.046875,23.0,60 days,y-axis-label
2,3.00390625,105.03125,70.046875,23.0,90 days,y-axis-label
3,3.00390625,137.28125,81.171875,23.0,120 days,y-axis-label
4,347.86175537099996,41.328125,40.015625,23.0,27%,text-label
5,648.153808594,73.578125,22.234375,23.0,61,text-label
6,807.1319580080001,105.828125,22.234375,23.0,79,text-label
7,895.453125,138.078125,22.234375,23.0,89,text-label
8,103.390625,8.0,446.890625,23.0,% of respondents who found jobs within timeframe,x-axis-title
